City_ID,City,Country,Date,Lat,Lng,Max Temp,Humidity,Cloudiness,Wind Speed
0,Jelenia Gora,PL,2022-09-22 17:00:15,50.8997,15.729,52.54,72,86,0.81
1,Carnarvon,AU,2022-09-22 17:00:48,-24.8667,113.6333,65.39,76,0,17.85
2,Coahuayana,MX,2022-09-22 17:00:49,18.7333,-103.6833,85.91,68,40,3.15
3,Djibo,BF,2022-09-22 17:00:49,14.1022,-1.6306,95.67,34,53,1.52
4,Ortigueira,BR,2022-09-22 17:00:49,-24.2083,-50.9494,61.36,92,100,5.03
5,Faanui,PF,2022-09-22 17:00:50,-16.4833,-151.75,78.1,76,5,20.0
6,Staunton,US,2022-09-22 17:00:50,38.1496,-79.0717,78.96,72,100,6.91
7,Puerto Ayora,EC,2022-09-22 17:00:50,-0.7393,-90.3518,68.56,92,89,5.99
8,Camacha,PT,2022-09-22 17:00:51,33.0833,-16.3333,74.62,65,40,11.5
9,Barrow,US,2022-09-22 17:00:51,71.2906,-156.7887,32.02,93,100,10.36
10,Castro,BR,2022-09-22 17:00:19,-24.7911,-50.0119,58.89,89,100,6.51
11,Punta Arenas,CL,2022-09-22 16:59:54,-53.15,-70.9167,44.71,65,0,6.91
12,Sioux City,US,2022-09-22 16:56:48,42.5,-96.4003,61.45,49,100,5.01
13,Ahtopol,BG,2022-09-22 17:00:52,42.1,27.95,60.39,54,70,6.51
14,Iqaluit,CA,2022-09-22 17:00:14,63.7506,-68.5145,34.7,43,86,11.99
15,Vaini,TO,2022-09-22 17:00:52,-21.2,-175.2,75.54,87,99,16.91
16,Mombetsu,JP,2022-09-22 17:00:53,44.3525,143.3525,54.16,81,100,6.73
17,Busselton,AU,2022-09-22 17:00:54,-33.65,115.3333,47.25,80,0,6.69
18,Cape Town,ZA,2022-09-22 16:59:48,-33.9258,18.4232,57.09,85,75,10.36
19,Conde,BR,2022-09-22 17:00:54,-7.2597,-34.9075,80.89,64,64,12.53
20,Najran,SA,2022-09-22 17:00:54,17.4924,44.1277,85.21,14,99,7.74
21,Methven,NZ,2022-09-22 17:00:55,-43.6333,171.65,35.91,99,0,3.69
22,Guerrero Negro,MX,2022-09-22 17:00:55,27.9769,-114.0611,77.83,61,46,5.3
23,Kargat,RU,2022-09-22 17:00:55,55.1956,80.2811,58.6,56,75,12.41
24,Pangnirtung,CA,2022-09-22 17:00:56,66.1451,-65.7125,33.8,55,75,4.61
25,Clyde River,CA,2022-09-22 17:00:56,70.4692,-68.5914,25.72,76,25,3.13
26,Erzin,TR,2022-09-22 17:00:57,36.9559,36.2,70.57,77,82,6.24
27,Avarua,CK,2022-09-22 17:00:57,-21.2078,-159.775,73.45,73,75,12.66
28,Agadez,NE,2022-09-22 17:00:57,19.75,10.25,98.92,11,2,7.34
29,Bandarbeyla,SO,2022-09-22 17:00:58,9.4942,50.8122,78.78,81,20,27.11
30,Bredasdorp,ZA,2022-09-22 17:00:58,-34.5322,20.0403,55.47,70,93,18.63
31,Husavik,IS,2022-09-22 17:00:59,66.0449,-17.3389,40.46,86,100,2.33
32,Bluff,NZ,2022-09-22 17:00:59,-46.6,168.3333,39.79,80,89,5.44
33,Luderitz,NA,2022-09-22 17:01:00,-26.6481,15.1594,58.95,71,0,13.44
34,Port Elizabeth,ZA,2022-09-22 16:59:57,-33.918,25.5701,62.89,89,20,20.71
35,Constitucion,CL,2022-09-22 17:01:00,-35.3333,-72.4167,59.9,58,8,16.46
36,Thompson,CA,2022-09-22 17:00:20,55.7435,-97.8558,56.07,45,49,12.41
37,Ushuaia,AR,2022-09-22 17:01:00,-54.8,-68.3,46.87,59,25,7.54
38,Zhezkazgan,KZ,2022-09-22 17:01:01,47.8043,67.7144,71.31,30,0,9.17
39,Arraial Do Cabo,BR,2022-09-22 17:01:01,-22.9661,-42.0278,71.92,89,100,6.22
40,Albany,US,2022-09-22 16:56:15,42.6001,-73.9662,62.51,91,99,9.57
41,Butaritari,KI,2022-09-22 17:01:02,3.0707,172.7902,79.48,80,100,6.91
42,Bonthe,SL,2022-09-22 17:01:03,7.5264,-12.505,80.35,76,74,8.12
43,Podenii Noi,RO,2022-09-22 17:01:03,45.1167,26.1667,57.58,65,99,5.68
44,Yellowknife,CA,2022-09-22 17:01:04,62.456,-114.3525,53.56,76,98,5.01
45,Kaitangata,NZ,2022-09-22 17:02:05,-46.2817,169.8464,42.58,95,26,2.59
46,Port Augusta,AU,2022-09-22 17:02:06,-32.5,137.7667,54.63,80,0,6.24
47,Jamestown,US,2022-09-22 17:00:36,42.097,-79.2353,60.19,43,81,3.0
48,Pucallpa,PE,2022-09-22 16:58:15,-8.3791,-74.5539,91.44,55,40,4.61
49,Xiangxiang,CN,2022-09-22 17:02:06,27.7333,112.5333,66.47,82,100,2.57
50,Petropavlovsk-Kamchatskiy,RU,2022-09-22 17:02:07,53.0452,158.6483,50.5,77,48,24.45
51,Lorengau,PG,2022-09-22 17:02:07,-2.0226,147.2712,79.75,81,80,2.8
52,Bokoro,TD,2022-09-22 17:02:07,12.3807,17.0568,89.13,51,4,4.16
53,Nelson Bay,AU,2022-09-22 17:02:08,-32.7167,152.15,61.0,97,100,1.99
54,Eisiskes,LT,2022-09-22 17:02:08,54.1667,25.0,47.3,84,56,7.34
55,Makakilo City,US,2022-09-22 17:01:19,21.3469,-158.0858,73.98,84,58,4.68
56,Narsaq,GL,2022-09-22 17:02:09,60.9167,-46.05,46.62,75,99,3.49
57,Belaya Gora,RU,2022-09-22 17:02:09,68.5333,146.4167,32.49,99,100,11.41
58,Tasiilaq,GL,2022-09-22 17:02:10,65.6145,-37.6368,42.96,63,80,8.57
59,Mataura,NZ,2022-09-22 17:02:10,-46.1927,168.8643,39.47,98,61,1.59
60,Abu Dhabi,AE,2022-09-22 17:02:11,24.4667,54.3667,90.97,73,0,15.73
61,Ribeira Grande,PT,2022-09-22 17:02:12,38.5167,-28.7,77.4,83,40,11.5
62,Longyearbyen,SJ,2022-09-22 17:02:12,78.2186,15.6401,35.44,69,75,26.46
63,Lebu,CL,2022-09-22 17:02:13,-37.6167,-73.65,54.23,78,92,6.04
64,Dunedin,NZ,2022-09-22 17:00:38,-45.8742,170.5036,46.8,86,25,6.04
65,Outjo,NA,2022-09-22 17:02:13,-20.1167,16.15,78.6,9,3,14.5
66,Rikitea,PF,2022-09-22 17:02:14,-23.1203,-134.9692,72.9,72,19,13.29
67,Krasnoselkup,RU,2022-09-22 17:02:14,65.7,82.4667,35.47,96,99,20.0
68,Vardo,NO,2022-09-22 17:02:15,70.3705,31.1107,48.18,100,100,2.3
69,Hearst,CA,2022-09-22 17:02:15,49.6835,-83.6665,40.71,64,100,12.01
70,East London,ZA,2022-09-22 17:02:15,-33.0153,27.9116,70.97,66,21,12.21
71,Tautira,PF,2022-09-22 17:02:16,-17.7333,-149.15,76.89,76,25,16.11
72,Atuona,PF,2022-09-22 17:00:19,-9.8,-139.0333,76.62,76,14,19.33
73,Nanortalik,GL,2022-09-22 17:02:17,60.1432,-45.2371,45.16,95,96,6.33
74,Palmer,US,2022-09-22 17:02:18,42.1584,-72.3287,65.75,85,100,1.99
75,Amapa,BR,2022-09-22 17:02:18,1.0,-52.0,97.7,25,0,5.77
76,Los Llanos De Aridane,ES,2022-09-22 17:02:18,28.6585,-17.9182,76.75,66,20,12.66
77,Upernavik,GL,2022-09-22 17:02:19,72.7868,-56.1549,32.36,55,100,3.96
78,Mar Del Plata,AR,2022-09-22 17:02:19,-38.0023,-57.5575,53.87,77,68,13.0
79,Victoria,HK,2022-09-22 17:01:51,22.2855,114.1577,84.18,82,20,4.0
80,Berlevag,NO,2022-09-22 17:02:20,70.8578,29.0864,49.8,100,100,8.05
81,Hermanus,ZA,2022-09-22 17:02:20,-34.4187,19.2345,54.81,71,84,20.8
82,Bengkulu,ID,2022-09-22 17:02:20,-3.8004,102.2655,74.95,89,93,3.47
83,Krasnaya Gora,RU,2022-09-22 17:02:22,52.9995,31.6023,47.98,93,83,6.96
84,Nyazepetrovsk,RU,2022-09-22 17:02:23,56.0531,59.6028,55.47,74,72,3.69
85,Grindavik,IS,2022-09-22 17:02:23,63.8424,-22.4338,48.67,81,75,11.5
86,Georgetown,MY,2022-09-22 17:00:36,5.4112,100.3354,80.53,83,20,0.0
87,Vila Do Maio,CV,2022-09-22 17:02:24,15.1333,-23.2167,84.99,80,54,18.5
88,Gat,IL,2022-09-22 17:02:36,31.61,34.7642,78.82,100,0,4.76
89,Dikson,RU,2022-09-22 17:00:19,73.5069,80.5464,29.62,85,100,23.26
90,Dukat,RU,2022-09-22 17:03:25,62.55,155.55,26.91,93,100,27.34
91,Sao Luiz Gonzaga,BR,2022-09-22 16:59:45,-28.4083,-54.9608,54.97,73,64,11.83
92,Grand-Lahou,CI,2022-09-22 17:03:26,5.1367,-5.0242,78.3,81,79,7.83
93,Cayenne,GF,2022-09-22 16:58:30,4.9333,-52.3333,89.64,58,20,11.5
94,Asau,RO,2022-09-22 17:03:26,46.4333,26.4,47.32,87,95,2.17
95,San Jeronimo,PE,2022-09-22 17:03:27,-11.9472,-75.2829,67.1,34,26,1.77
96,Beringovskiy,RU,2022-09-22 17:03:27,63.05,179.3167,41.54,83,100,2.66
97,Lugo,ES,2022-09-22 16:59:50,43.0,-7.5,73.76,53,85,5.99
98,Aquiraz,BR,2022-09-22 17:03:28,-3.9014,-38.3911,87.89,58,72,13.6
99,Fortuna,US,2022-09-22 17:00:33,40.5982,-124.1573,64.92,85,0,1.01
100,Ponta Do Sol,PT,2022-09-22 17:03:28,32.6667,-17.1,78.01,91,28,1.74
101,Chumikan,RU,2022-09-22 17:03:29,54.7183,135.315,47.52,76,100,3.09
102,Isangel,VU,2022-09-22 17:03:29,-19.55,169.2667,74.39,78,54,4.52
103,San Patricio,US,2022-09-22 17:03:30,28.017,-97.5169,89.46,51,0,6.17
104,Namtsy,RU,2022-09-22 17:03:30,62.7161,129.6658,27.81,95,92,4.74
105,Wucheng,CN,2022-09-22 17:03:31,29.6008,118.175,65.88,73,83,1.54
106,Yulara,AU,2022-09-22 17:03:31,-25.2406,130.9889,64.94,25,2,4.68
107,Port Alfred,ZA,2022-09-22 17:03:32,-33.5906,26.891,69.19,56,34,2.51
108,Cherskiy,RU,2022-09-22 17:03:32,68.75,161.3,33.31,79,8,9.01
109,Kavaratti,IN,2022-09-22 17:03:33,10.5669,72.642,81.48,74,20,9.57
110,Ostrovnoy,RU,2022-09-22 17:03:33,68.0531,39.5131,46.36,95,100,3.91
111,Zhigansk,RU,2022-09-22 17:03:33,66.7697,123.3711,27.27,89,100,0.98
112,Khatanga,RU,2022-09-22 17:03:34,71.9667,102.5,21.79,83,17,12.46
113,Kieta,PG,2022-09-22 17:03:34,-6.2167,155.6333,76.87,83,71,3.27
114,Xam Nua,LA,2022-09-22 17:03:34,20.4197,104.0439,66.18,100,91,1.16
115,Vila Velha,BR,2022-09-22 17:03:35,-20.3297,-40.2925,82.94,65,85,11.99
116,Alakurtti,RU,2022-09-22 17:03:35,66.9672,30.3491,46.65,93,99,1.77
117,Cidreira,BR,2022-09-22 17:03:36,-30.1811,-50.2056,64.74,74,61,19.42
118,Bestobe,KZ,2022-09-22 17:03:36,52.4994,73.0975,69.37,44,22,6.71
119,Naze,JP,2022-09-22 17:03:37,28.3667,129.4833,76.28,87,29,9.71
120,Luanda,AO,2022-09-22 17:02:27,-8.8368,13.2343,75.2,78,40,9.22
121,Torbay,CA,2022-09-22 17:03:37,47.6666,-52.7314,61.75,96,100,18.41
122,Adrar,MR,2022-09-22 17:03:37,20.5022,-10.0711,96.75,29,82,13.13
123,Ranot,TH,2022-09-22 17:03:38,7.7777,100.3213,80.89,77,100,9.15
124,Severo-Kurilsk,RU,2022-09-22 17:03:38,50.6789,156.125,50.13,76,4,13.38
125,Baykit,RU,2022-09-22 17:03:08,61.67,96.37,41.27,100,100,3.29
126,Kruisfontein,ZA,2022-09-22 17:03:39,-34.0033,24.7314,59.34,71,89,8.93
127,Half Moon Bay,US,2022-09-22 17:03:39,37.4636,-122.4286,70.92,100,0,9.22
128,Provideniya,RU,2022-09-22 17:03:40,64.3833,-173.3,41.5,92,76,3.02
129,Hobart,AU,2022-09-22 17:03:14,-42.8794,147.3294,55.26,92,100,0.0
130,Yatou,CN,2022-09-22 17:04:40,37.15,122.3833,65.71,83,0,15.28
131,Sri Aman,MY,2022-09-22 17:04:41,1.2376,111.4621,73.42,99,95,2.06
132,Maragogi,BR,2022-09-22 17:04:41,-9.0122,-35.2225,80.71,68,59,11.74
133,Leshukonskoye,RU,2022-09-22 17:04:41,64.8989,45.7622,42.48,81,100,4.16
134,Wenling,CN,2022-09-22 17:04:42,28.3669,121.36,69.46,84,11,5.12
135,Mayo,US,2022-09-22 17:04:42,38.8876,-76.5119,77.07,87,100,9.22
136,Sao Filipe,CV,2022-09-22 17:04:43,14.8961,-24.4956,79.41,80,95,10.87
137,Faya,SA,2022-09-22 17:04:44,18.3851,42.4509,68.52,52,64,2.89
138,Yerbogachen,RU,2022-09-22 17:04:44,61.2767,108.0108,35.64,98,100,4.47
139,Aykhal,RU,2022-09-22 17:04:45,66.0,111.5,13.32,93,61,5.01
140,Ukhta,RU,2022-09-22 17:04:45,63.5671,53.6835,39.94,85,16,4.61
141,Acapulco,MX,2022-09-22 17:04:45,16.8634,-99.8901,85.82,70,40,6.91
142,Ocean City,US,2022-09-22 17:00:10,39.2776,-74.5746,79.02,82,41,8.99
143,Tufanganj,IN,2022-09-22 17:04:46,26.3167,89.6667,76.89,94,100,2.64
144,New Norfolk,AU,2022-09-22 17:04:46,-42.7826,147.0587,54.91,89,100,1.79
145,Chuy,UY,2022-09-22 17:04:46,-33.6971,-53.4616,53.37,73,100,13.27
146,Maniitsoq,GL,2022-09-22 17:04:47,65.4167,-52.9,41.14,97,100,22.06
147,Norman Wells,CA,2022-09-22 17:04:47,65.282,-126.8329,47.98,76,100,5.91
148,Saint Anthony,US,2022-09-22 17:00:10,45.0205,-93.218,61.0,61,40,11.5
149,Dakar,SN,2022-09-22 17:01:16,14.6937,-17.4441,81.48,78,100,19.44
150,Sept-Iles,CA,2022-09-22 17:04:47,50.2001,-66.3821,52.32,98,100,6.91
151,San Cristobal,VE,2022-09-22 17:03:32,7.7669,-72.225,83.71,51,100,3.02
152,Tiksi,RU,2022-09-22 17:04:48,71.6872,128.8694,28.45,91,99,12.3
153,Gigmoto,PH,2022-09-22 17:04:49,13.7796,124.39,78.66,89,82,6.04
154,Udala,ES,2022-09-22 17:04:49,43.0778,-2.5125,74.89,68,1,5.23
155,Qaanaaq,GL,2022-09-22 17:04:50,77.484,-69.3632,20.89,63,20,6.82
156,Kodiak,US,2022-09-22 17:04:50,57.79,-152.4072,42.31,87,40,5.75
157,Lagoa,PT,2022-09-22 17:04:50,39.05,-27.9833,74.3,81,78,15.03
158,Nanakuli,US,2022-09-22 17:04:51,21.3906,-158.1547,76.42,80,0,3.44
159,Spitsevka,RU,2022-09-22 17:04:51,45.1231,42.5125,63.01,85,100,4.61
160,North Bend,US,2022-09-22 17:00:04,43.4065,-124.2243,65.16,100,12,4.03
161,Bathurst,AU,2022-09-22 17:04:52,-33.4166,149.5806,49.96,95,99,5.28
162,Bundibugyo,UG,2022-09-22 17:04:52,0.7414,30.0417,67.55,96,94,3.98
163,Valle De Allende,MX,2022-09-22 17:04:52,26.9333,-105.4,75.27,49,0,8.19
164,At-Bashi,KG,2022-09-22 17:04:53,41.1702,75.8106,56.66,44,28,2.82
165,Bambous Virieux,MU,2022-09-22 16:59:58,-20.3428,57.7575,72.21,83,75,14.97
166,Wajima,JP,2022-09-22 17:04:53,37.4,136.9,71.37,82,100,4.79
167,Cedar City,US,2022-09-22 17:04:53,37.6775,-113.0619,68.97,43,0,19.57
168,Lavrentiya,RU,2022-09-22 17:04:54,65.5833,-171.0,41.97,96,100,2.68
169,Tuktoyaktuk,CA,2022-09-22 17:04:54,69.4541,-133.0374,33.8,100,100,9.22
170,Yumen,CN,2022-09-22 17:04:55,40.2833,97.2,59.86,17,100,15.48
171,Havre-Saint-Pierre,CA,2022-09-22 17:04:55,50.2334,-63.5986,55.67,91,88,18.68
172,Katsuura,JP,2022-09-22 17:04:55,35.1333,140.3,71.2,95,100,14.07
173,Tabou,CI,2022-09-22 17:05:56,4.423,-7.3528,79.07,77,66,7.92
174,Fairbanks,US,2022-09-22 17:05:56,64.8378,-147.7164,39.6,95,100,4.61
175,Marsh Harbour,BS,2022-09-22 17:05:57,26.5412,-77.0636,83.8,70,2,12.17
176,Pevek,RU,2022-09-22 17:05:57,69.7008,170.3133,36.03,82,58,14.63
177,Hamilton,US,2022-09-22 17:01:46,39.1834,-84.5333,70.5,54,47,8.01
178,Llata,PE,2022-09-22 17:05:58,-9.4167,-76.7833,68.09,42,22,10.94
179,Lachi,PK,2022-09-22 17:05:58,33.3833,71.3386,87.98,42,0,2.24
180,Sitka,US,2022-09-22 17:05:59,57.0531,-135.33,51.69,82,40,4.61
181,Nsawam,GH,2022-09-22 17:05:59,5.8089,-0.3503,82.51,72,92,3.11
182,Yarada,IN,2022-09-22 17:04:29,17.65,83.2667,80.92,100,75,2.3
183,Quime,BO,2022-09-22 17:05:59,-16.9833,-67.2167,64.35,47,70,10.31
184,Gboko,NG,2022-09-22 17:06:00,7.3179,8.9951,79.61,79,68,5.99
185,Kapaa,US,2022-09-22 17:06:00,22.0752,-159.319,73.72,89,75,6.91
186,Olinda,BR,2022-09-22 17:06:00,-8.0089,-34.8553,83.93,61,40,9.22
187,Nichinan,JP,2022-09-22 17:06:01,31.6,131.3667,73.29,90,100,8.93
188,Hakui,JP,2022-09-22 17:06:01,36.8833,136.7833,68.22,92,100,4.16
189,Batticaloa,LK,2022-09-22 17:06:01,7.7102,81.6924,81.59,73,67,9.4
190,Jardim,BR,2022-09-22 17:06:02,-21.4803,-56.1381,72.19,63,96,8.43
191,Pangody,RU,2022-09-22 17:06:02,65.85,74.4859,37.27,68,89,31.34
192,Port Macquarie,AU,2022-09-22 17:06:03,-31.4333,152.9167,60.69,94,75,8.05
193,Along,IN,2022-09-22 17:06:03,28.1667,94.7667,72.3,98,73,0.47
194,Dhidhdhoo,MV,2022-09-22 17:06:03,6.8833,73.1,82.35,71,42,9.22
195,Gisborne,NZ,2022-09-22 17:06:04,-38.6533,178.0042,57.47,98,100,7.96
196,Synya,RU,2022-09-22 17:06:04,65.3718,58.0387,41.25,86,99,8.88
197,Port Hedland,AU,2022-09-22 17:06:04,-20.3167,118.5667,68.05,68,0,6.91
198,Tuatapere,NZ,2022-09-22 17:06:05,-46.1333,167.6833,43.54,88,96,2.98
199,Farah,AF,2022-09-22 17:06:05,32.5,62.5,79.12,11,0,4.38
200,Jiexiu,CN,2022-09-22 17:04:44,37.0244,111.9125,53.65,25,50,5.3
201,Nyimba,ZM,2022-09-22 17:06:05,-14.5566,30.8149,84.52,22,11,7.49
202,Cervo,ES,2022-09-22 17:06:06,43.6702,-7.4101,68.97,68,96,6.89
203,Sao Joao Da Barra,BR,2022-09-22 17:03:11,-21.6403,-41.0511,74.98,84,94,13.22
204,Mayumba,GA,2022-09-22 17:06:07,-3.432,10.6554,76.77,84,62,8.21
205,Chapais,CA,2022-09-22 17:06:07,49.7834,-74.8492,44.38,97,100,13.42
206,Bethel,US,2022-09-22 17:02:25,41.3712,-73.414,69.55,90,98,4.0
207,Port Lincoln,AU,2022-09-22 17:06:08,-34.7333,135.8667,54.64,82,75,2.68
208,Nikolskoye,RU,2022-09-22 17:06:08,59.7035,30.7861,49.91,93,100,4.52
209,Tura,IN,2022-09-22 17:06:09,25.5198,90.2201,74.21,94,84,4.21
210,Rawson,AR,2022-09-22 17:06:09,-43.3002,-65.1023,56.95,51,96,9.48
211,Merritt Island,US,2022-09-22 17:06:09,28.5392,-80.672,92.08,62,0,12.66
212,Eenhana,NA,2022-09-22 17:06:10,-17.4667,16.3333,79.54,11,2,8.19
213,Lamar,US,2022-09-22 17:06:10,33.6668,-95.5836,95.9,39,0,9.22
214,Bon Accord,CA,2022-09-22 17:06:11,53.8335,-113.4187,57.78,66,0,13.78
215,Kenora,CA,2022-09-22 17:06:11,49.8167,-94.4337,52.27,47,4,4.03
216,Vao,NC,2022-09-22 17:06:11,-22.6667,167.4833,71.85,75,50,13.78
217,Sioux Lookout,CA,2022-09-22 17:06:12,50.1001,-91.917,51.3,47,7,2.82
218,Yeppoon,AU,2022-09-22 17:06:12,-23.1333,150.7333,67.78,75,0,4.94
219,Rocha,UY,2022-09-22 17:07:13,-34.4833,-54.3333,53.35,61,100,11.88
220,Nouadhibou,MR,2022-09-22 17:07:13,20.931,-17.0347,72.66,97,100,6.82
221,Lakes Entrance,AU,2022-09-22 17:07:14,-37.8811,147.981,56.16,83,100,2.53
222,Lasa,IT,2022-09-22 17:07:14,46.6166,10.7002,52.7,71,5,2.44
223,Aklavik,CA,2022-09-22 17:07:15,68.2191,-135.0107,37.24,94,100,9.55
224,Tommot,RU,2022-09-22 17:07:15,58.9564,126.2925,29.84,97,100,1.59
225,Navirai,BR,2022-09-22 17:07:15,-23.065,-54.1906,64.56,80,97,10.09
226,Cabo San Lucas,MX,2022-09-22 17:06:27,22.8909,-109.9124,88.61,72,0,4.61
227,Nome,US,2022-09-22 17:07:16,64.5011,-165.4064,44.67,93,100,13.8
228,Tilichiki,RU,2022-09-22 17:07:16,60.4667,166.1,34.11,86,88,6.82
229,Corigliano Calabro,IT,2022-09-22 17:07:17,39.595,16.5177,64.47,55,26,3.62
230,Warmbad,NA,2022-09-22 17:07:18,-28.45,18.7333,69.49,15,0,18.07
231,Deputatskiy,RU,2022-09-22 17:07:18,69.3,139.9,18.93,94,78,6.64
232,Hithadhoo,MV,2022-09-22 17:07:19,-0.6,73.0833,82.76,69,11,11.56
233,Changli,CN,2022-09-22 17:07:19,39.7042,119.1506,53.89,25,81,17.27
234,Jacareacanga,BR,2022-09-22 17:07:19,-6.2222,-57.7528,96.85,32,76,2.77
235,Skjervoy,NO,2022-09-22 17:07:20,70.0311,20.9714,50.0,82,100,9.64
236,Hilo,US,2022-09-22 17:07:21,19.7297,-155.09,78.28,87,100,7.0
237,Sembakung,ID,2022-09-22 17:07:21,3.8167,117.25,73.27,96,93,2.08
238,Oranjemund,NA,2022-09-22 17:07:22,-28.55,16.4333,57.81,76,7,7.58
239,Waipawa,NZ,2022-09-22 17:07:22,-41.4122,175.5153,48.63,95,100,14.16
240,Obo,CF,2022-09-22 17:07:23,5.3998,26.4869,73.65,87,77,4.47
241,Roald,NO,2022-09-22 17:07:23,62.5833,6.1333,59.16,77,75,4.61
242,Srednekolymsk,RU,2022-09-22 17:07:24,67.45,153.6833,34.86,81,100,13.78
243,Krasnyy Oktyabr,RU,2022-09-22 17:07:24,56.1167,38.8833,50.59,91,100,5.21
244,Malayal,PH,2022-09-22 17:07:24,7.208,121.942,79.88,83,100,1.16
245,Mantua,IT,2022-09-22 17:07:25,45.1667,10.7833,67.24,56,30,1.99
246,Hobyo,SO,2022-09-22 17:07:25,5.3505,48.5268,76.73,88,69,21.36
247,Bushehr,IR,2022-09-22 17:07:25,28.9684,50.8385,91.74,55,0,1.23
248,Evensk,RU,2022-09-22 17:07:26,61.95,159.2333,38.97,60,100,13.56
249,Troitskoye,RU,2022-09-22 17:07:26,52.9821,84.6757,60.04,53,24,4.65
250,Lata,PT,2022-09-22 17:07:26,40.1629,-8.3327,78.93,39,60,7.36
251,Kushikino,JP,2022-09-22 17:07:27,31.7167,130.2667,72.09,86,100,3.22
252,Yar-Sale,RU,2022-09-22 17:07:27,66.8333,70.8333,37.63,63,99,25.26
253,Vestmannaeyjar,IS,2022-09-22 17:07:27,63.4427,-20.2734,49.19,87,75,14.97
254,Bubaque,GW,2022-09-22 17:07:28,11.2833,-15.8333,77.67,87,100,11.32
255,Saint-Philippe,RE,2022-09-22 17:07:28,-21.3585,55.7679,71.19,86,23,15.05
256,Kalabagh,PK,2022-09-22 17:07:29,32.965,71.557,92.77,33,0,2.24
257,Mandi Bahauddin,PK,2022-09-22 17:04:59,32.5834,73.4843,83.48,61,0,5.21
258,Abapo,BO,2022-09-22 17:07:29,-18.8333,-63.4667,60.06,56,100,5.17
259,Kahului,US,2022-09-22 17:07:30,20.8947,-156.47,79.84,73,20,10.0
260,Ilulissat,GL,2022-09-22 17:07:30,69.2167,-51.1,35.62,87,75,9.22
261,Matara,LK,2022-09-22 17:07:33,5.9485,80.5353,78.31,86,81,8.12
262,Kununurra,AU,2022-09-22 17:07:34,-15.7667,128.7333,78.78,78,40,5.75
263,Honningsvag,NO,2022-09-22 17:07:34,70.9821,25.9704,49.75,93,75,0.0
264,Broome,US,2022-09-22 17:07:35,42.2506,-75.833,65.46,68,75,16.11
265,Powell,US,2022-09-22 17:07:35,40.1578,-83.0752,65.61,57,75,19.57
266,Pacific Grove,US,2022-09-22 17:07:35,36.6177,-121.9166,70.41,78,0,5.01
267,Broken Hill,AU,2022-09-22 17:07:36,-31.95,141.4333,55.29,78,27,6.69
268,Hasaki,JP,2022-09-22 17:08:36,35.7333,140.8333,68.29,96,100,15.84
269,Tazmalt,DZ,2022-09-22 17:08:37,36.3868,4.3989,73.6,58,73,8.12
270,Ereymentau,KZ,2022-09-22 17:08:37,51.6199,73.1033,67.15,51,1,2.26
271,Alofi,NU,2022-09-22 17:08:37,-19.0595,-169.9187,76.46,81,4,23.94
272,Tashtagol,RU,2022-09-22 17:08:38,52.7657,87.8894,51.49,77,35,2.17
273,Chokurdakh,RU,2022-09-22 17:08:39,70.6333,147.9167,33.44,92,100,6.85
274,Martapura,ID,2022-09-22 17:08:39,-3.4167,114.85,78.89,78,75,2.3
275,Bahia De Caraquez,EC,2022-09-22 17:08:40,-0.6,-80.4167,77.18,80,100,7.34
276,Hashtrud,IR,2022-09-22 17:08:40,37.4779,47.0508,60.98,59,98,3.2
277,Moron,AR,2022-09-22 17:08:40,-34.6534,-58.6198,62.94,41,31,8.48
278,Saint-Francois,FR,2022-09-22 17:08:42,46.4154,3.9054,69.24,35,0,4.61
279,Vryheid,ZA,2022-09-22 17:08:42,-27.7695,30.7917,64.96,30,0,4.16
280,Nchelenge,ZM,2022-09-22 17:08:42,-9.3451,28.734,80.24,43,43,3.69
281,Shahrud,IR,2022-09-22 17:08:43,36.4182,54.9763,76.44,15,6,6.4
282,Saint George,US,2022-09-22 17:06:50,37.1041,-113.5841,80.26,51,20,5.75
283,Saskylakh,RU,2022-09-22 17:08:43,71.9167,114.0833,18.16,88,71,4.43
284,Denizli,TR,2022-09-22 17:08:44,37.8402,29.0698,60.01,51,45,7.23
285,Phalaborwa,ZA,2022-09-22 17:08:44,-23.943,31.1411,75.29,55,18,6.8
286,Meulaboh,ID,2022-09-22 17:08:45,4.1363,96.1285,77.47,83,100,4.88
287,Shenzhen,CN,2022-09-22 17:08:45,22.5455,114.0683,84.07,86,15,2.48
288,Lokosovo,RU,2022-09-22 17:08:46,61.1333,74.8167,40.5,57,8,12.3
289,Natal,BR,2022-09-22 17:08:46,-5.795,-35.2094,86.65,51,40,17.27
290,Salme,NP,2022-09-22 17:08:46,28.0369,85.0942,66.49,90,51,3.27
291,Balfour,ZA,2022-09-22 17:08:47,-26.6633,28.5902,61.36,29,0,4.07
292,Port Blair,IN,2022-09-22 17:08:47,11.6667,92.75,79.41,85,60,7.0
293,Mentougou,CN,2022-09-22 17:08:48,39.9392,116.0917,54.54,25,0,13.4
294,Sidi Ali,DZ,2022-09-22 17:08:49,36.0998,0.4206,73.54,58,0,16.17
295,Ancud,CL,2022-09-22 17:08:49,-41.8697,-73.8203,53.22,95,100,3.09
296,Maroantsetra,MG,2022-09-22 17:08:49,-15.4333,49.7333,69.93,86,41,6.44
297,Haapiti,PF,2022-09-22 17:08:50,-17.5667,-149.8667,74.93,73,8,16.17
298,Yecuatla,MX,2022-09-22 17:08:50,19.8667,-96.75,82.42,55,0,7.78
299,Hay River,CA,2022-09-22 17:08:50,60.8156,-115.7999,63.0,49,45,10.69
300,Morro Bay,US,2022-09-22 17:08:51,35.3658,-120.8499,79.99,60,0,5.99
301,Flinders,AU,2022-09-22 17:08:51,-34.5833,150.8552,60.19,92,100,4.0
302,Verkhovye,RU,2022-09-22 17:08:52,52.8119,37.2425,50.0,66,86,2.89
303,Alice Springs,AU,2022-09-22 17:08:52,-23.7,133.8833,54.95,44,0,0.0
304,Kirakira,SB,2022-09-22 17:08:53,-10.4544,161.9205,76.68,86,11,6.33
305,Bone,DE,2022-09-22 17:08:53,51.9669,12.1396,59.25,64,11,6.33
306,Sulangan,PH,2022-09-22 17:08:53,11.1373,123.7228,82.17,79,100,7.65
307,Bilibino,RU,2022-09-22 17:08:54,68.0546,166.4372,30.99,88,90,7.63
308,Ewa Beach,US,2022-09-22 17:08:54,21.3156,-158.0072,76.41,82,0,4.61
309,Klaksvik,FO,2022-09-22 17:09:54,62.2266,-6.589,52.72,83,17,16.8
310,Touros,BR,2022-09-22 17:09:55,-5.1989,-35.4608,84.38,57,9,14.81
311,Ilebo,CD,2022-09-22 17:09:55,-4.3167,20.5833,74.21,80,48,0.89
312,Mackenzie,CA,2022-09-22 17:09:55,55.2999,-123.1698,56.03,53,74,6.85
313,Barentu,ER,2022-09-22 17:09:56,15.1139,37.5928,81.63,48,30,5.7
314,Te Anau,NZ,2022-09-22 17:09:56,-45.4167,167.7167,40.86,94,48,0.78
315,Adelanto,US,2022-09-22 17:09:06,34.5828,-117.4092,78.37,39,0,3.74
316,Koungou,YT,2022-09-22 17:09:57,-12.7336,45.2042,76.71,83,100,3.44
317,Lompoc,US,2022-09-22 17:09:57,34.6391,-120.4579,79.84,69,0,11.5
318,Sarandi,BR,2022-09-22 17:09:14,-23.4436,-51.8739,68.88,65,93,12.93
319,Bucerias,MX,2022-09-22 17:05:31,20.75,-105.3333,85.98,79,40,4.61
320,Puerto Quijarro,BO,2022-09-22 17:09:58,-17.7833,-57.7667,79.07,56,100,9.4
321,Poum,NC,2022-09-22 17:09:58,-20.2333,164.0167,75.34,71,96,12.93
322,Rundu,NA,2022-09-22 17:09:59,-17.9333,19.7667,77.05,6,1,4.0
323,Rosarito,MX,2022-09-22 17:09:59,32.3333,-117.0333,79.23,61,11,9.19
324,Bonavista,CA,2022-09-22 17:09:59,48.6499,-53.1147,56.55,95,99,22.5
325,Parchim,DE,2022-09-22 17:10:00,53.4263,11.8488,59.72,62,30,1.34
326,Muros,ES,2022-09-22 17:10:00,42.7762,-9.0603,67.84,79,82,5.75
327,Krzeszowice,PL,2022-09-22 17:10:00,50.1425,19.6322,52.39,87,20,4.61
328,Kattivakkam,IN,2022-09-22 17:10:01,13.2167,80.3167,89.69,69,89,10.25
329,Nemuro,JP,2022-09-22 17:10:01,43.3236,145.575,58.93,77,64,11.86
330,Freeport,US,2022-09-22 17:10:02,40.6576,-73.5832,73.09,90,100,23.02
331,Seydi,TM,2022-09-22 17:10:02,39.4816,62.9137,78.76,10,0,7.4
332,Guayaramerin,BO,2022-09-22 17:10:02,-10.8368,-65.3614,101.43,25,25,2.21
333,Tharad,IN,2022-09-22 17:10:03,24.3961,71.6267,82.94,65,43,17.43
334,Sandwick,GB,2022-09-22 17:10:03,60.0,-1.25,55.22,88,20,11.5
335,Jasper,US,2022-09-22 17:07:54,37.2001,-94.3502,59.88,85,100,8.05
336,Kavieng,PG,2022-09-22 17:10:04,-2.5744,150.7967,79.83,75,57,6.22
337,Maceio,BR,2022-09-22 17:06:39,-9.6658,-35.7353,85.44,65,75,14.97
338,Berestechko,UA,2022-09-22 17:10:04,50.3605,25.1107,48.0,87,100,5.12
339,Hambantota,LK,2022-09-22 17:10:05,6.1241,81.1185,80.56,77,94,15.97
340,Sibolga,ID,2022-09-22 17:10:08,1.7427,98.7792,74.73,75,87,3.4
341,Airai,TL,2022-09-22 17:10:08,-8.9266,125.4092,59.29,58,94,2.89
342,Leningradskiy,RU,2022-09-22 17:10:09,69.3833,178.4167,36.84,98,100,21.05
343,Coquimbo,CL,2022-09-22 17:10:09,-29.9533,-71.3436,65.93,45,0,12.66
344,Pisco,PE,2022-09-22 17:10:09,-13.7,-76.2167,66.25,68,0,8.05
345,Zuenoula,CI,2022-09-22 17:10:10,7.4292,-6.0431,81.09,85,51,2.19
346,Bathsheba,BB,2022-09-22 17:10:10,13.2167,-59.5167,88.41,70,20,14.97
347,Kurilsk,RU,2022-09-22 17:10:10,45.2333,147.8833,51.55,72,63,8.93
348,Namatanai,PG,2022-09-22 17:10:11,-3.6667,152.4333,77.29,81,17,2.89
349,Little Current,CA,2022-09-22 17:10:11,45.9793,-81.9248,52.41,66,100,20.89
350,Byron Bay,AU,2022-09-22 17:06:08,-28.65,153.6167,62.71,93,97,16.08
351,Atar,MR,2022-09-22 17:10:12,20.5169,-13.0499,97.72,31,87,13.33
352,Komsomolskiy,UZ,2022-09-22 17:10:12,40.4272,71.7189,72.32,37,0,4.61
353,Trincomalee,LK,2022-09-22 17:11:13,8.5711,81.2335,81.34,71,44,12.68
354,Coihaique,CL,2022-09-22 17:11:13,-45.5752,-72.0662,53.55,40,20,10.36
355,Mangrol,IN,2022-09-22 17:11:13,21.1167,70.1167,79.7,74,100,7.99
356,Kingsport,US,2022-09-22 17:10:56,36.5484,-82.5618,78.55,74,100,9.22
357,Miles City,US,2022-09-22 17:11:14,46.4083,-105.8406,58.17,72,20,13.8
358,Vostok,RU,2022-09-22 17:11:14,46.4856,135.8833,40.08,86,1,5.12
359,Shablykino,RU,2022-09-22 17:11:14,52.8566,35.1964,48.43,82,39,2.51
360,Conceicao Do Araguaia,BR,2022-09-22 17:09:50,-8.2578,-49.2647,100.15,23,51,10.49
361,Alexandria,EG,2022-09-22 17:11:15,31.2156,29.9553,78.48,66,0,14.94
362,Saint-Augustin,CA,2022-09-22 17:11:15,51.226,-58.6502,58.59,95,100,12.39
363,Stawell,AU,2022-09-22 17:11:16,-37.05,142.7667,53.73,95,95,3.31
364,Praya,CV,2022-09-22 17:11:16,14.9215,-23.5087,84.74,65,75,14.97
365,Stafford,GB,2022-09-22 17:08:32,52.8052,-2.1164,60.69,79,100,11.27
366,Granada,ES,2022-09-22 17:11:17,37.25,-3.25,76.95,44,78,6.46
367,Medea,DZ,2022-09-22 17:11:17,36.2642,2.7539,68.36,47,8,9.37
368,Karratha,AU,2022-09-22 17:11:18,-20.7377,116.8463,75.16,47,0,9.15
369,Geilo,NO,2022-09-22 17:11:18,60.5333,8.2076,51.39,78,100,10.2
370,Teknaf,BD,2022-09-22 17:11:18,20.8624,92.3058,80.02,85,69,2.26
371,Todos Santos,MX,2022-09-22 17:11:19,23.45,-110.2167,80.65,87,22,4.68
372,Mahebourg,MU,2022-09-22 17:11:20,-20.4081,57.7,72.25,83,75,12.66
373,Emerald,AU,2022-09-22 17:07:50,-23.5333,148.1667,59.34,67,0,7.67
374,Bayshore Gardens,US,2022-09-22 17:11:20,27.4253,-82.5904,93.24,58,20,6.91
375,Escanaba,US,2022-09-22 17:11:21,45.7453,-87.0646,53.94,72,92,8.01
376,Sitges,ES,2022-09-22 17:11:21,41.2351,1.8119,77.86,55,5,3.0
377,Dingle,PH,2022-09-22 17:11:21,10.9995,122.6711,76.68,89,100,2.08
378,Takab,IR,2022-09-22 17:11:22,36.4009,47.1133,64.56,42,69,5.66
379,Zemio,CF,2022-09-22 17:11:22,5.0314,25.1361,73.67,89,80,2.33
380,Salalah,OM,2022-09-22 17:11:23,17.0151,54.0924,80.69,89,75,6.91
381,Burns Lake,CA,2022-09-22 17:11:23,54.2331,-125.7533,47.62,53,56,4.92
382,Salinopolis,BR,2022-09-22 17:11:23,-0.6136,-47.3561,84.51,62,65,10.38
383,Acajutla,SV,2022-09-22 17:11:24,13.5928,-89.8275,79.02,84,100,8.34
384,Znamenka,RU,2022-09-22 17:11:24,52.4167,41.4311,56.14,63,100,5.66
385,Xichang,CN,2022-09-22 17:11:24,27.8964,102.2634,58.6,96,100,4.79
386,Colac,AU,2022-09-22 17:11:25,-38.3333,143.5833,54.18,96,100,3.74
387,Malinyi,TZ,2022-09-22 17:11:27,-8.9333,36.1333,80.38,34,36,3.2
388,Sisimiut,GL,2022-09-22 17:11:27,66.9395,-53.6735,37.47,98,100,2.35
389,Les Cayes,HT,2022-09-22 17:11:28,18.2,-73.75,86.77,63,68,10.96
390,Nayoro,JP,2022-09-22 17:11:28,44.3506,142.4578,50.22,95,100,2.19
391,Nalut,LY,2022-09-22 17:11:29,30.3333,10.85,96.62,14,84,12.73
392,Valparaiso,CL,2022-09-22 17:07:54,-33.0393,-71.6273,76.64,28,0,17.27
393,Nishihara,JP,2022-09-22 17:11:29,26.1842,127.7558,79.88,95,40,6.91
394,Novoagansk,RU,2022-09-22 17:12:30,61.9449,76.6625,40.93,64,22,16.67
395,Geraldton,AU,2022-09-22 17:12:30,-28.7667,114.6,50.41,93,0,6.91
396,Solwezi,ZM,2022-09-22 17:12:31,-12.1688,26.3894,74.62,30,12,4.47
397,Alta Floresta,BR,2022-09-22 17:12:31,-9.8756,-56.0861,84.79,49,99,1.61
398,Yenagoa,NG,2022-09-22 17:12:31,4.9247,6.2642,74.23,96,100,8.52
399,Saldanha,ZA,2022-09-22 17:12:15,-33.0117,17.9442,57.6,77,100,9.35
400,San Francisco,US,2022-09-22 17:12:32,37.7749,-122.4194,71.1,77,20,6.91
401,Hovd,MN,2022-09-22 17:12:32,48.0056,91.6419,52.68,34,1,1.52
402,Turukhansk,RU,2022-09-22 17:12:32,65.8167,87.9833,34.84,86,98,8.57
403,Praxedis Guerrero,MX,2022-09-22 17:12:33,31.3667,-106.0167,83.66,37,0,11.1
404,Kokopo,PG,2022-09-22 17:12:33,-4.352,152.2633,75.76,88,69,4.54
405,Bongandanga,CD,2022-09-22 17:11:24,1.5,21.05,73.33,93,83,4.23
406,Valkeala,FI,2022-09-22 17:12:33,60.9401,26.7979,46.8,71,40,4.61
407,Shepsi,RU,2022-09-22 17:12:34,44.0361,39.1489,63.75,85,59,7.76
408,Vanimo,PG,2022-09-22 17:12:34,-2.6741,141.3028,77.05,89,93,1.95
409,Sahuaripa,MX,2022-09-22 17:12:34,29.05,-109.2333,83.75,58,0,3.29
410,Marrakesh,MA,2022-09-22 17:10:57,31.6315,-8.0083,89.67,31,20,3.44
411,Quatre Cocos,MU,2022-09-22 17:12:35,-20.2078,57.7625,72.09,84,25,17.81
412,Beroroha,MG,2022-09-22 17:12:35,-21.6667,45.1667,80.64,35,3,8.46
413,Vila Franca Do Campo,PT,2022-09-22 17:12:36,37.7167,-25.4333,77.41,71,52,4.79
414,Hurghada,EG,2022-09-22 17:08:49,27.2574,33.8129,81.01,52,0,4.83
415,Inirida,CO,2022-09-22 17:12:36,3.8653,-67.9239,93.04,47,34,2.91
416,Bismarck,US,2022-09-22 17:09:17,46.8083,-100.7837,58.84,60,0,14.97
417,Ekhabi,RU,2022-09-22 17:12:37,53.5102,142.9671,45.9,85,77,8.5
418,Kalemie,CD,2022-09-22 17:12:37,-5.9475,29.1947,79.27,55,67,8.86
419,Baddomalhi,PK,2022-09-22 17:08:26,31.9928,74.6683,78.78,74,1,5.93
420,Pringsewu,ID,2022-09-22 17:12:38,-5.3582,104.9744,74.28,95,65,4.54
421,Biak,ID,2022-09-22 17:12:39,-0.9131,122.8766,75.16,85,100,3.85
422,Taywarah,AF,2022-09-22 17:12:39,33.35,64.4167,53.64,17,0,2.82
423,Dryden,CA,2022-09-22 17:12:40,49.7833,-92.7503,46.69,61,0,2.3
424,Nakamura,JP,2022-09-22 17:12:40,32.9833,132.9333,74.07,97,100,4.68
425,Talara,PE,2022-09-22 17:12:40,-4.5772,-81.2719,72.36,64,0,14.97
426,Richards Bay,ZA,2022-09-22 17:12:41,-28.783,32.0377,69.73,89,0,8.01
427,Kaset Sombun,TH,2022-09-22 17:12:41,16.2805,101.9542,73.44,97,100,3.18
428,Nurota,UZ,2022-09-22 17:12:41,40.5614,65.6886,74.53,16,0,8.01
429,Kupang,ID,2022-09-22 17:12:42,-10.1667,123.5833,77.09,82,18,5.93
430,Shache,CN,2022-09-22 17:12:42,38.4167,77.2406,70.72,28,1,2.13
431,Dali,CN,2022-09-22 17:12:43,25.7,100.1833,61.3,91,100,2.8
432,Ouango,CF,2022-09-22 17:11:24,4.3133,22.5552,72.66,97,73,3.91
433,Beya,RU,2022-09-22 17:12:43,53.0533,90.9139,56.55,55,81,7.23
434,San Alfonso,PH,2022-09-22 17:12:43,7.7803,126.4203,76.21,89,89,3.47
435,Igarka,RU,2022-09-22 17:12:44,67.4667,86.5833,32.85,89,88,5.17
436,Tessalit,ML,2022-09-22 17:12:44,20.1986,1.0114,101.57,11,83,12.15
437,Grand-Santi,GF,2022-09-22 17:12:44,4.25,-54.3833,97.11,31,19,3.89
438,Margate,GB,2022-09-22 17:12:45,51.3813,1.3862,63.7,65,100,4.0
439,Severodvinsk,RU,2022-09-22 17:12:45,64.5635,39.8302,42.91,73,100,5.37
440,Gasa,PS,2022-09-22 17:12:46,31.5,34.4667,76.87,58,0,5.59
441,Portland,US,2022-09-22 17:08:50,45.5234,-122.6762,65.44,79,100,7.0
442,Rudozem,BG,2022-09-22 17:12:46,41.4833,24.85,48.9,63,86,3.42
443,Kantemirovka,RU,2022-09-22 17:13:46,49.7089,39.8592,57.06,58,100,5.97
444,Kloulklubed,PW,2022-09-22 17:13:47,7.0419,134.2556,83.59,73,95,8.99
445,Kendari,ID,2022-09-22 17:13:47,-3.945,122.4989,72.84,96,99,3.29
446,Ulaanbaatar,MN,2022-09-22 17:13:47,47.9077,106.8832,26.73,80,0,2.24
447,Derzhavinsk,KZ,2022-09-22 17:13:48,51.1,66.3167,69.75,40,0,7.9
448,Namibe,AO,2022-09-22 17:13:48,-15.1961,12.1522,67.3,82,18,15.08
449,Olafsvik,IS,2022-09-22 17:13:48,64.8945,-23.7142,44.53,78,93,16.51
450,Cape Coast,GH,2022-09-22 17:13:49,5.1053,-1.2466,77.63,86,85,10.71
451,Jizan,SA,2022-09-22 17:13:49,17.3333,42.6667,91.71,52,54,7.05
452,Neiafu,TO,2022-09-22 17:13:49,-18.65,-173.9833,77.49,81,28,19.62
453,Bairiki,KI,2022-09-22 17:12:23,1.3292,172.9752,80.6,83,75,5.75
454,Tuy Hoa,VN,2022-09-22 17:13:50,13.0833,109.3,75.16,94,100,4.9
455,Maxixe,MZ,2022-09-22 17:13:50,-23.8597,35.3472,75.02,94,20,16.11
456,Altay,CN,2022-09-22 17:13:51,47.8667,88.1167,61.47,17,20,6.69
457,Terney,RU,2022-09-22 17:13:51,45.0503,136.6092,50.74,87,88,6.62
458,Ilave,PE,2022-09-22 17:13:51,-16.0833,-69.6667,59.04,20,23,12.71
459,Paciran,ID,2022-09-22 17:13:52,-6.8767,112.3761,80.24,80,81,5.37
460,Serebryanyy Bor,RU,2022-09-22 17:13:52,56.8,124.8,31.44,91,97,2.59
461,Camocim,BR,2022-09-22 17:13:52,-2.9022,-40.8411,88.16,55,32,16.22
462,Jerome,US,2022-09-22 17:13:54,42.7241,-114.5186,62.08,55,0,10.36
463,Maridi,SS,2022-09-22 17:13:54,4.9158,29.4742,67.53,97,100,4.88
464,Abu Samrah,SY,2022-09-22 17:13:40,35.3029,37.1841,72.68,57,0,16.37
465,Tilbury,GB,2022-09-22 17:13:56,51.4625,0.3586,66.43,65,100,9.75
466,Athens,GR,2022-09-22 17:10:49,37.9795,23.7162,66.52,58,40,8.05
467,Lazarev,RU,2022-09-22 17:13:56,52.225,141.5131,56.66,89,99,18.95
468,Campbell River,CA,2022-09-22 17:13:57,50.0163,-125.2446,62.46,67,75,5.75
469,Carrickfergus,GB,2022-09-22 17:13:57,54.7158,-5.8058,61.56,78,51,4.61
470,Srostki,RU,2022-09-22 17:13:57,52.4189,85.7022,57.85,48,9,4.59
471,Lusambo,CD,2022-09-22 17:13:58,-4.9667,23.45,75.45,79,89,2.04
472,Tigil,RU,2022-09-22 17:13:58,57.8,158.6667,41.88,67,16,25.61
473,Fuling,CN,2022-09-22 17:13:59,29.7022,107.3919,66.76,97,100,0.96
474,Mendi,PG,2022-09-22 17:13:59,-6.1761,143.6513,53.13,97,96,2.51
475,Amarillo,US,2022-09-22 17:12:38,35.222,-101.8313,67.03,69,100,8.05
476,Kintampo,GH,2022-09-22 17:13:59,8.0563,-1.7306,79.29,86,99,3.42
477,Florianopolis,BR,2022-09-22 17:14:00,-27.6146,-48.5012,76.62,67,20,14.97
478,Zaraysk,RU,2022-09-22 17:14:00,54.7653,38.8836,51.93,81,97,3.44
479,Aviles,ES,2022-09-22 17:14:00,43.5547,-5.9248,70.18,64,0,7.0
480,Puerto Escondido,MX,2022-09-22 17:11:52,15.85,-97.0667,83.23,61,75,5.75
481,Greeneville,US,2022-09-22 17:14:01,36.1632,-82.831,77.41,76,100,9.22
482,Dekar,BW,2022-09-22 17:14:01,-21.5333,21.9333,70.93,6,0,7.74
483,Hazorasp,UZ,2022-09-22 17:14:01,41.3194,61.0742,69.64,12,0,8.86
484,Carutapera,BR,2022-09-22 17:14:02,-1.195,-46.02,87.33,53,49,9.53
485,Bulgan,MN,2022-09-22 17:14:02,48.8125,103.5347,42.75,55,5,2.46
486,Huilong,CN,2022-09-22 17:14:03,31.8111,121.655,74.93,74,100,3.06
487,Mount Gambier,AU,2022-09-22 17:14:03,-37.8333,140.7667,44.51,100,75,0.0
488,Praia Da Vitoria,PT,2022-09-22 17:15:04,38.7333,-27.0667,82.65,65,20,5.61
489,Samarai,PG,2022-09-22 17:15:04,-10.6167,150.6667,79.38,83,89,12.39
490,Kargil,IN,2022-09-22 17:15:05,34.5667,76.1,56.16,40,73,7.45
491,Dir,PK,2022-09-22 17:15:06,35.2058,71.8756,66.42,76,0,4.09
492,Pachmarhi,IN,2022-09-22 17:15:07,22.4667,78.4333,65.93,93,92,5.08
493,Grand Gaube,MU,2022-09-22 17:15:07,-20.0064,57.6608,72.37,72,2,10.0
494,Iwanai,JP,2022-09-22 17:15:09,42.9744,140.5089,58.06,94,100,8.14
495,Avera,US,2022-09-22 17:15:10,33.194,-82.5271,91.54,36,0,9.06
496,Rebrikha,RU,2022-09-22 17:15:11,53.0733,82.3408,61.2,46,26,6.6
497,Labuhan,ID,2022-09-22 17:15:12,-6.8844,112.2051,79.18,81,87,6.17
498,Fukue,JP,2022-09-22 17:15:12,32.6881,128.8419,73.98,78,85,10.87
499,Basco,PH,2022-09-22 17:15:13,20.4487,121.9702,80.67,68,57,15.43
500,Katangli,RU,2022-09-22 17:15:14,51.7102,143.2326,47.62,90,73,4.36
501,Dombarovskiy,RU,2022-09-22 17:15:14,50.7587,59.5386,68.9,25,4,9.55
502,Esperance,AU,2022-09-22 17:11:07,-33.8667,121.9,48.56,68,14,8.61
503,Pederneiras,BR,2022-09-22 17:15:14,-22.3517,-48.775,69.58,73,91,10.54
504,Concepcion Del Oro,MX,2022-09-22 17:15:15,24.6333,-101.4167,66.97,46,0,3.91
505,Ballina,AU,2022-09-22 17:15:15,-28.8667,153.5667,62.78,99,99,19.04
506,Palma Gil,PH,2022-09-22 17:15:16,7.6422,125.6292,74.77,95,91,1.14
507,Oktyabrskoye,RU,2022-09-22 17:15:16,43.0645,44.7417,59.14,100,100,2.24
508,Horsham,GB,2022-09-22 17:10:24,51.064,-0.3272,65.26,69,0,9.22
509,Kabardinka,RU,2022-09-22 17:15:17,44.6514,37.9428,54.72,88,35,6.71
510,Lazdijai,LT,2022-09-22 17:15:17,54.2333,23.5167,51.24,74,94,7.27
511,Caucaia,BR,2022-09-22 17:15:18,-3.7361,-38.6531,87.75,70,20,19.57
512,Iquitos,PE,2022-09-22 17:15:18,-3.7481,-73.2472,91.44,66,75,6.91
513,Terrace,CA,2022-09-22 17:15:18,54.5163,-128.6035,58.1,69,34,3.13
514,Tuyen Quang,VN,2022-09-22 17:15:19,21.8233,105.2181,73.87,96,24,1.07
515,Tocopilla,CL,2022-09-22 17:15:19,-22.092,-70.1979,63.09,67,9,3.13
516,Vitim,RU,2022-09-22 17:15:19,59.4511,112.5578,37.8,98,100,7.67
517,Tomatlan,MX,2022-09-22 17:15:20,19.9333,-105.25,86.16,65,74,2.42
518,Molde,NO,2022-09-22 17:15:20,62.7375,7.1591,58.84,67,75,8.05
519,Baghdad,IQ,2022-09-22 17:13:39,33.3406,44.4009,91.31,22,0,9.22
520,Taoudenni,ML,2022-09-22 17:15:21,22.6783,-3.9836,103.26,20,31,15.1
521,Celestun,MX,2022-09-22 17:15:21,20.8667,-90.4,85.12,63,1,5.86
522,Itarema,BR,2022-09-22 17:15:21,-2.9248,-39.9167,86.68,54,37,18.75
523,Teguldet,RU,2022-09-22 17:15:22,57.3064,88.1667,53.2,74,92,13.2
524,Garachine,PA,2022-09-22 17:15:22,8.0647,-78.3628,82.2,76,67,8.12
525,Severnoye,RU,2022-09-22 17:15:23,56.3491,78.3619,51.15,76,77,8.48
526,Morant Bay,JM,2022-09-22 17:15:23,17.8815,-76.4093,89.22,66,93,7.4
527,Suchil,MX,2022-09-22 17:15:23,23.6333,-103.9167,71.76,41,0,7.31
528,Brae,GB,2022-09-22 17:15:24,60.3964,-1.353,54.66,87,0,14.76
529,Poronaysk,RU,2022-09-22 17:15:24,49.2167,143.1167,49.69,86,53,7.61
530,Goderich,CA,2022-09-22 17:15:25,43.7501,-81.7165,57.9,62,100,21.85
531,Tsogni,GA,2022-09-22 17:15:26,-2.7942,10.0988,77.09,80,65,9.22
532,Camargo,MX,2022-09-22 17:15:26,27.6667,-105.1667,80.13,42,0,5.46
533,Monrovia,LR,2022-09-22 17:15:27,6.3005,-10.7969,80.22,75,62,7.14
534,Narbonne,FR,2022-09-22 17:16:27,43.0833,2.8333,76.01,58,6,7.63
535,Manuk Mangkaw,PH,2022-09-22 17:16:27,4.8,119.85,83.84,70,100,3.85
536,Wilkie,CA,2022-09-22 17:16:28,52.4168,-108.7014,59.9,40,97,16.06
537,Codrington,AU,2022-09-22 17:16:29,-38.2667,141.9667,48.9,93,72,5.7
538,Mugan,CN,2022-09-22 17:16:29,35.9404,101.3842,51.3,69,100,6.2
539,Oshakati,NA,2022-09-22 17:16:29,-17.7833,15.6833,78.62,12,30,5.48
540,Beloha,MG,2022-09-22 17:16:30,-25.1667,45.05,75.6,55,0,8.48
541,Fare,PF,2022-09-22 17:16:30,-16.7,-151.0167,78.06,75,1,17.36
542,Masindi,UG,2022-09-22 17:16:31,1.6744,31.715,66.38,93,89,5.44
543,Bardiyah,LY,2022-09-22 17:16:31,31.7561,25.0865,76.44,61,0,13.13
544,College,US,2022-09-22 17:16:31,64.8569,-147.8028,39.58,96,100,4.61
545,Atambua,ID,2022-09-22 17:16:32,-9.1061,124.8925,72.72,86,69,4.85
546,Fuxin,CN,2022-09-22 17:16:32,42.0156,121.6589,50.07,84,92,7.18
